date,ticker,category,price,price_date,benchmark,score,n_types
2026-09-27,HAFNI.OL,watch,84.1,2026-09-25,OSEBX.OL,5.24,1
2026-09-27,ONCIN.OL,watch,83.8,2026-09-25,OSEBX.OL,4.91,0
2026-09-27,HHH,hold,68.43,2026-09-25,^GSPC,4.82,1
2026-09-27,2020.OL,watch,6.25,2026-09-25,OSEBX.OL,4.08,1
2026-09-27,EU,watch,1.24,2026-09-25,^GSPC,4.01,1
2026-09-27,BFRG,watch,0.666,2026-09-25,^GSPC,4.0,1
2026-09-27,SUBC.OL,watch,324.8,2026-09-25,OSEBX.OL,3.87,1
2026-09-27,GRAB,watch,3.13,2026-09-25,^GSPC,3.77,1
2026-09-27,NOM.OL,watch,0.95,2026-09-25,OSEBX.OL,3.5,1
2026-09-27,VTURA.OL,watch,31.1,2026-09-25,OSEBX.OL,3.29,1
2026-09-27,TECH.OL,watch,5.0,2026-09-25,OSEBX.OL,3.14,1
2026-09-27,GOD.OL,watch,14.5,2026-09-25,OSEBX.OL,3.1,1
2026-09-27,BORR.OL,watch,39.97,2026-09-25,OSEBX.OL,3.0,1
2026-09-27,DIASH.OL,watch,,,OSEBX.OL,3.0,1
2026-09-27,SCANA.OL,watch,1.43,2026-09-25,OSEBX.OL,3.0,1
2026-09-27,PSN,watch,43.07,2026-09-25,^GSPC,3.0,1
2026-09-27,ENDUR.OL,watch,108.4,2026-09-25,OSEBX.OL,2.67,0
2026-09-27,GD,watch,336.72,2026-09-25,^GSPC,2.55,1
2026-09-27,BCBP,watch,8.75,2026-09-25,^GSPC,2.55,1
2026-09-27,LHX,watch,237.69,2026-09-25,^GSPC,2.36,1
2026-09-27,DKS,watch,136.43,2026-09-25,^GSPC,2.3,1
2026-09-27,MCD,watch,236.5,2026-09-25,^GSPC,2.28,0
2026-09-27,GDDY,watch,97.14,2026-09-25,^GSPC,2.19,0
2026-09-27,GME,hold,23.39,2026-09-25,^GSPC,2.13,1
2026-09-27,FRO,watch,47.73,2026-09-25,^GSPC,2.09,1
2026-09-27,DFDV,watch,6.04,2026-09-25,^GSPC,2.01,1
2026-09-27,AMTM,watch,19.19,2026-09-25,^GSPC,2.01,1
2026-09-27,BBD,watch,3.41,2026-09-25,^GSPC,2.0,1
2026-09-27,ACN,watch,176.11,2026-09-25,^GSPC,2.0,1
2026-09-27,B2I.OL,watch,24.25,2026-09-25,OSEBX.OL,2.0,0
2026-09-27,MDATA.OL,watch,17.2,2026-09-25,OSEBX.OL,2.0,0
2026-09-27,STECH.OL,watch,81.6,2026-09-25,OSEBX.OL,2.0,1
2026-09-27,ZAL.OL,watch,100.0,2026-09-25,OSEBX.OL,2.0,0
2026-09-27,MTUS,watch,18.84,2026-09-25,^GSPC,2.0,1
2026-09-27,HMN,watch,45.35,2026-09-25,^GSPC,1.97,0
2026-09-27,NOC,watch,510.52,2026-09-25,^GSPC,1.94,1
2026-09-27,NVO,watch,38.8,2026-09-25,^GSPC,1.9,0
2026-09-27,KOG.OL,watch,312.7,2026-09-25,OSEBX.OL,1.88,1
2026-09-27,RTX,watch,189.4,2026-09-25,^GSPC,1.63,1
2026-09-27,SF,watch,70.35,2026-09-25,^GSPC,1.54,0
2026-09-27,MLM,watch,484.3,2026-09-25,^GSPC,1.53,0
2026-09-27,BA.L,watch,1972.0,2026-09-25,^GSPC,1.51,1
2026-09-27,ESAB,watch,71.91,2026-09-25,^GSPC,1.51,0
2026-09-27,VEND.OL,watch,208.2,2026-09-25,OSEBX.OL,1.51,0
2026-09-27,LMT,watch,519.56,2026-09-25,^GSPC,1.5,1
2026-09-27,GAM,watch,64.52,2026-09-25,^GSPC,1.5,1
2026-09-27,RGCO,watch,21.28,2026-09-25,^GSPC,1.5,1
2026-09-27,ELABS.OL,watch,3.49,2026-09-25,OSEBX.OL,1.5,1
2026-09-27,ERUGA.OL,watch,,,OSEBX.OL,1.5,1
2026-09-27,NBX.OL,watch,0.4815,2026-09-25,OSEBX.OL,1.5,0
2026-09-27,ORK.OL,watch,93.35,2026-09-25,OSEBX.OL,1.5,0
2026-09-27,PLT.OL,watch,14.9,2026-09-25,OSEBX.OL,1.5,1
2026-09-27,VEOFF.OL,watch,,,OSEBX.OL,1.5,1
2026-09-27,VAR.OL,watch,51.1,2026-09-25,OSEBX.OL,1.37,1
2026-09-27,CF,watch,114.67,2026-09-25,^GSPC,1.29,0
2026-09-27,EWW,watch,73.34,2026-09-25,^GSPC,1.17,0
2026-09-27,SPY,watch,771.35,2026-09-25,^GSPC,1.17,0
2026-09-27,FEZ,watch,68.65,2026-09-25,^GSPC,1.17,0
2026-09-27,EWZ,watch,36.82,2026-09-25,^GSPC,1.17,0
2026-09-27,EWG,watch,42.26,2026-09-25,^GSPC,1.17,0
2026-09-28,HAFNI.OL,watch,84.1,2026-09-25,OSEBX.OL,5.08,1
2026-09-28,ONCIN.OL,watch,83.8,2026-09-25,OSEBX.OL,4.91,0
2026-09-28,HHH,hold,68.43,2026-09-25,^GSPC,4.82,1
2026-09-28,2020.OL,watch,6.25,2026-09-25,OSEBX.OL,4.08,1
2026-09-28,EU,watch,1.24,2026-09-25,^GSPC,4.01,1
2026-09-28,BFRG,watch,0.666,2026-09-25,^GSPC,4.0,1
2026-09-28,GRAB,watch,3.13,2026-09-25,^GSPC,3.77,1
2026-09-28,VTURA.OL,watch,31.1,2026-09-25,OSEBX.OL,3.29,1
2026-09-28,TECH.OL,watch,5.0,2026-09-25,OSEBX.OL,3.14,1
2026-09-28,GOD.OL,watch,14.5,2026-09-25,OSEBX.OL,3.1,1
2026-09-28,BORR.OL,watch,39.97,2026-09-25,OSEBX.OL,3.0,1
2026-09-28,DIASH.OL,watch,,,OSEBX.OL,3.0,1
2026-09-28,SCANA.OL,watch,1.43,2026-09-25,OSEBX.OL,3.0,1
2026-09-28,PSN,watch,43.07,2026-09-25,^GSPC,3.0,1
2026-09-28,ENDUR.OL,watch,108.4,2026-09-25,OSEBX.OL,2.67,0
2026-09-28,BCBP,watch,8.75,2026-09-25,^GSPC,2.55,1
2026-09-28,SUBC.OL,watch,324.8,2026-09-25,OSEBX.OL,2.38,1
2026-09-28,GD,watch,336.72,2026-09-25,^GSPC,2.31,1
2026-09-28,DKS,watch,136.43,2026-09-25,^GSPC,2.3,1
2026-09-28,MCD,watch,236.5,2026-09-25,^GSPC,2.28,0
2026-09-28,GDDY,watch,97.14,2026-09-25,^GSPC,2.19,0
2026-09-28,GME,hold,23.39,2026-09-25,^GSPC,2.13,1
2026-09-28,LHX,watch,237.69,2026-09-25,^GSPC,2.12,1
2026-09-28,DFDV,watch,6.04,2026-09-25,^GSPC,2.01,1
2026-09-28,AMTM,watch,19.19,2026-09-25,^GSPC,2.01,1
2026-09-28,BBD,watch,3.41,2026-09-25,^GSPC,2.0,1
2026-09-28,ACN,watch,176.11,2026-09-25,^GSPC,2.0,1
2026-09-28,B2I.OL,watch,24.25,2026-09-25,OSEBX.OL,2.0,0
2026-09-28,MDATA.OL,watch,17.2,2026-09-25,OSEBX.OL,2.0,0
2026-09-28,STECH.OL,watch,81.6,2026-09-25,OSEBX.OL,2.0,1
2026-09-28,ZAL.OL,watch,100.0,2026-09-25,OSEBX.OL,2.0,0
2026-09-28,MTUS,watch,18.84,2026-09-25,^GSPC,2.0,1
2026-09-28,DELL,hold,562.89,2026-09-25,^GSPC,2.0,1
2026-09-28,CRM,watch,234.02,2026-09-25,^GSPC,2.0,1
2026-09-28,SJM,watch,121.0,2026-09-25,^GSPC,2.0,1
2026-09-28,EL,watch,94.47,2026-09-25,^GSPC,2.0,1
2026-09-28,TGT,watch,157.45,2026-09-25,^GSPC,2.0,1
2026-09-28,HMN,watch,45.35,2026-09-25,^GSPC,1.97,0
2026-09-28,FRO,watch,47.73,2026-09-25,^GSPC,1.93,1
2026-09-28,NVO,watch,38.8,2026-09-25,^GSPC,1.9,0
2026-09-28,KOG.OL,watch,312.7,2026-09-25,OSEBX.OL,1.78,1
2026-09-28,NOC,watch,510.52,2026-09-25,^GSPC,1.7,1
2026-09-28,SF,watch,70.35,2026-09-25,^GSPC,1.54,0
2026-09-28,MLM,watch,484.3,2026-09-25,^GSPC,1.53,0
2026-09-28,ESAB,watch,71.91,2026-09-25,^GSPC,1.51,0
2026-09-28,VEND.OL,watch,208.2,2026-09-25,OSEBX.OL,1.51,0
2026-09-28,GAM,watch,64.52,2026-09-25,^GSPC,1.5,1
2026-09-28,RGCO,watch,21.28,2026-09-25,^GSPC,1.5,1
2026-09-28,ELABS.OL,watch,3.49,2026-09-25,OSEBX.OL,1.5,1
2026-09-28,NBX.OL,watch,0.4815,2026-09-25,OSEBX.OL,1.5,0
2026-09-28,ORK.OL,watch,93.35,2026-09-25,OSEBX.OL,1.5,0
2026-09-28,PLT.OL,watch,14.9,2026-09-25,OSEBX.OL,1.5,1
2026-09-28,VEOFF.OL,watch,,,OSEBX.OL,1.5,1
2026-09-28,RTX,watch,189.4,2026-09-25,^GSPC,1.39,1
2026-09-28,VAR.OL,watch,51.1,2026-09-25,OSEBX.OL,1.3,1
2026-09-28,CF,watch,114.67,2026-09-25,^GSPC,1.29,0
2026-09-28,BA.L,watch,1972.0,2026-09-25,^GSPC,1.27,1
2026-09-28,LMT,watch,519.56,2026-09-25,^GSPC,1.26,1
2026-09-28,GE,watch,327.09,2026-09-25,^GSPC,1.09,1
2026-09-28,BA,watch,198.07,2026-09-25,^GSPC,1.06,1
