date,ticker,category,price,price_date,benchmark,score,n_types,types,flags
2026-09-27,HAFNI.OL,watch,84.1,2026-09-25,OSEBX.OL,5.24,1,,
2026-09-27,ONCIN.OL,watch,83.8,2026-09-25,OSEBX.OL,4.91,0,,
2026-09-27,HHH,hold,68.43,2026-09-25,^GSPC,4.82,1,,
2026-09-27,2020.OL,watch,6.25,2026-09-25,OSEBX.OL,4.08,1,,
2026-09-27,EU,watch,1.24,2026-09-25,^GSPC,4.01,1,,
2026-09-27,BFRG,watch,0.666,2026-09-25,^GSPC,4.0,1,,
2026-09-27,SUBC.OL,watch,324.8,2026-09-25,OSEBX.OL,3.87,1,,
2026-09-27,GRAB,watch,3.13,2026-09-25,^GSPC,3.77,1,,
2026-09-27,NOM.OL,watch,0.95,2026-09-25,OSEBX.OL,3.5,1,,
2026-09-27,VTURA.OL,watch,31.1,2026-09-25,OSEBX.OL,3.29,1,,
2026-09-27,TECH.OL,watch,5.0,2026-09-25,OSEBX.OL,3.14,1,,
2026-09-27,GOD.OL,watch,14.5,2026-09-25,OSEBX.OL,3.1,1,,
2026-09-27,BORR.OL,watch,39.97,2026-09-25,OSEBX.OL,3.0,1,,
2026-09-27,DIASH.OL,watch,,,OSEBX.OL,3.0,1,,
2026-09-27,SCANA.OL,watch,1.43,2026-09-25,OSEBX.OL,3.0,1,,
2026-09-27,PSN,watch,43.07,2026-09-25,^GSPC,3.0,1,,
2026-09-27,ENDUR.OL,watch,108.4,2026-09-25,OSEBX.OL,2.67,0,,
2026-09-27,GD,watch,336.72,2026-09-25,^GSPC,2.55,1,,
2026-09-27,BCBP,watch,8.75,2026-09-25,^GSPC,2.55,1,,
2026-09-27,LHX,watch,237.69,2026-09-25,^GSPC,2.36,1,,
2026-09-27,DKS,watch,136.43,2026-09-25,^GSPC,2.3,1,,
2026-09-27,MCD,watch,236.5,2026-09-25,^GSPC,2.28,0,,
2026-09-27,GDDY,watch,97.14,2026-09-25,^GSPC,2.19,0,,
2026-09-27,GME,hold,23.39,2026-09-25,^GSPC,2.13,1,,
2026-09-27,FRO,watch,47.73,2026-09-25,^GSPC,2.09,1,,
2026-09-27,DFDV,watch,6.04,2026-09-25,^GSPC,2.01,1,,
2026-09-27,AMTM,watch,19.19,2026-09-25,^GSPC,2.01,1,,
2026-09-27,BBD,watch,3.41,2026-09-25,^GSPC,2.0,1,,
2026-09-27,ACN,watch,176.11,2026-09-25,^GSPC,2.0,1,,
2026-09-27,B2I.OL,watch,24.25,2026-09-25,OSEBX.OL,2.0,0,,
2026-09-27,MDATA.OL,watch,17.2,2026-09-25,OSEBX.OL,2.0,0,,
2026-09-27,STECH.OL,watch,81.6,2026-09-25,OSEBX.OL,2.0,1,,
2026-09-27,ZAL.OL,watch,100.0,2026-09-25,OSEBX.OL,2.0,0,,
2026-09-27,MTUS,watch,18.84,2026-09-25,^GSPC,2.0,1,,
2026-09-27,HMN,watch,45.35,2026-09-25,^GSPC,1.97,0,,
2026-09-27,NOC,watch,510.52,2026-09-25,^GSPC,1.94,1,,
2026-09-27,NVO,watch,38.8,2026-09-25,^GSPC,1.9,0,,
2026-09-27,KOG.OL,watch,312.7,2026-09-25,OSEBX.OL,1.88,1,,
2026-09-27,RTX,watch,189.4,2026-09-25,^GSPC,1.63,1,,
2026-09-27,SF,watch,70.35,2026-09-25,^GSPC,1.54,0,,
2026-09-27,MLM,watch,484.3,2026-09-25,^GSPC,1.53,0,,
2026-09-27,BA.L,watch,1972.0,2026-09-25,^GSPC,1.51,1,,
2026-09-27,ESAB,watch,71.91,2026-09-25,^GSPC,1.51,0,,
2026-09-27,VEND.OL,watch,208.2,2026-09-25,OSEBX.OL,1.51,0,,
2026-09-27,LMT,watch,519.56,2026-09-25,^GSPC,1.5,1,,
2026-09-27,GAM,watch,64.52,2026-09-25,^GSPC,1.5,1,,
2026-09-27,RGCO,watch,21.28,2026-09-25,^GSPC,1.5,1,,
2026-09-27,ELABS.OL,watch,3.49,2026-09-25,OSEBX.OL,1.5,1,,
2026-09-27,ERUGA.OL,watch,,,OSEBX.OL,1.5,1,,
2026-09-27,NBX.OL,watch,0.4815,2026-09-25,OSEBX.OL,1.5,0,,
2026-09-27,ORK.OL,watch,93.35,2026-09-25,OSEBX.OL,1.5,0,,
2026-09-27,PLT.OL,watch,14.9,2026-09-25,OSEBX.OL,1.5,1,,
2026-09-27,VEOFF.OL,watch,,,OSEBX.OL,1.5,1,,
2026-09-27,VAR.OL,watch,51.1,2026-09-25,OSEBX.OL,1.37,1,,
2026-09-27,CF,watch,114.67,2026-09-25,^GSPC,1.29,0,,
2026-09-27,EWW,watch,73.34,2026-09-25,^GSPC,1.17,0,,
2026-09-27,SPY,watch,771.35,2026-09-25,^GSPC,1.17,0,,
2026-09-27,FEZ,watch,68.65,2026-09-25,^GSPC,1.17,0,,
2026-09-27,EWZ,watch,36.82,2026-09-25,^GSPC,1.17,0,,
2026-09-27,EWG,watch,42.26,2026-09-25,^GSPC,1.17,0,,
2026-09-28,ONCIN.OL,watch,83.8,2026-09-28,OSEBX.OL,4.54,0,,crash|illiquid|weak_px|placement|neg_ebit|high_vol
2026-09-28,HAFNI.OL,watch,87.35,2026-09-28,OSEBX.OL,4.23,1,theme_market,
2026-09-28,TECH.OL,watch,5.5,2026-09-28,OSEBX.OL,3.5,1,ose_contract,crash|illiquid|penny|weak_px|neg_ebit|high_vol
2026-09-28,2020.OL,watch,6.07,2026-09-28,OSEBX.OL,3.47,1,ose_contract,crash|illiquid|penny|weak_px|placement|high_vol
2026-09-28,VTURA.OL,watch,31.0,2026-09-28,OSEBX.OL,3.35,1,ose_contract,illiquid
2026-09-28,ENVIP.OL,watch,38.5,2026-09-28,OSEBX.OL,3.12,1,ose_contract,crash|illiquid|weak_px|neg_ebit|high_vol
2026-09-28,BORR.OL,watch,39.455,2026-09-28,OSEBX.OL,3.0,1,ose_contract,illiquid
2026-09-28,DIASH.OL,watch,,,OSEBX.OL,3.0,1,ose_contract,
2026-09-28,SCANA.OL,watch,1.42,2026-09-28,OSEBX.OL,3.0,1,ose_contract,illiquid|penny|weak_px|neg_ebit
2026-09-28,GOD.OL,watch,15.2,2026-09-28,OSEBX.OL,2.84,1,ose_contract,illiquid
2026-09-28,MCD,watch,234.06,2026-09-28,SPY,2.76,0,,
2026-09-28,SALM.OL,watch,589.0,2026-09-28,OSEBX.OL,2.49,0,,
2026-09-28,SUBC.OL,watch,330.6,2026-09-28,OSEBX.OL,2.05,1,ose_contract,
2026-09-28,HMN,watch,45.08,2026-09-28,SPY,2.04,0,,
2026-09-28,ACN,watch,174.62,2026-09-28,SPY,2.0,1,gov_contract,
2026-09-28,B2I.OL,watch,24.65,2026-09-28,OSEBX.OL,2.0,0,,
2026-09-28,MDATA.OL,watch,16.54,2026-09-28,OSEBX.OL,2.0,0,,illiquid|neg_ebit
2026-09-28,STECH.OL,watch,78.4,2026-09-28,OSEBX.OL,2.0,1,ose_contract,illiquid
2026-09-28,ZAL.OL,watch,100.0,2026-09-28,OSEBX.OL,2.0,0,,illiquid|high_vol
2026-09-28,DELL,hold,543.385,2026-09-28,SPY,2.0,1,pead,
2026-09-28,CRM,watch,228.89,2026-09-28,SPY,2.0,1,pead,
2026-09-28,SJM,watch,121.255,2026-09-28,SPY,2.0,1,pead,
2026-09-28,EL,watch,95.15,2026-09-28,SPY,2.0,1,pead,
2026-09-28,TGT,watch,158.64,2026-09-28,SPY,2.0,1,pead,
2026-09-28,VEND.OL,watch,204.8,2026-09-28,OSEBX.OL,1.98,0,,weak_px|neg_ebit
2026-09-28,KOG.OL,watch,311.5,2026-09-28,OSEBX.OL,1.83,1,ose_contract|tema_kat,high_vol
2026-09-28,CADLR.OL,watch,55.0,2026-09-28,OSEBX.OL,1.61,0,,
2026-09-28,SF,watch,70.095,2026-09-28,SPY,1.6,0,,
2026-09-28,GDDY,watch,94.45,2026-09-28,SPY,1.54,0,,
2026-09-28,AKER.OL,watch,1442.0,2026-09-28,OSEBX.OL,1.54,0,,
2026-09-28,ELABS.OL,watch,3.5,2026-09-28,OSEBX.OL,1.5,1,ose_contract,illiquid|penny|weak_px|neg_ebit|high_vol
2026-09-28,ENDUR.OL,watch,109.6,2026-09-28,OSEBX.OL,1.5,0,,
2026-09-28,NBX.OL,watch,0.526,2026-09-28,OSEBX.OL,1.5,0,,illiquid|penny|weak_px|neg_ebit|high_vol
2026-09-28,NRC.OL,watch,9.95,2026-09-28,OSEBX.OL,1.5,1,ose_contract,illiquid|penny|high_vol
2026-09-28,ORK.OL,watch,92.85,2026-09-28,OSEBX.OL,1.5,0,,weak_px
2026-09-28,PLT.OL,watch,14.82,2026-09-28,OSEBX.OL,1.5,1,ose_contract,illiquid|neg_ebit|high_vol
2026-09-28,SWG.OL,watch,,,OSEBX.OL,1.5,1,ose_contract,
2026-09-28,VEOFF.OL,watch,,,OSEBX.OL,1.5,1,ose_contract,
2026-09-28,AKRBP.OL,watch,350.0,2026-09-28,OSEBX.OL,1.47,1,theme_market,
2026-09-28,VAR.OL,watch,51.6,2026-09-28,OSEBX.OL,1.47,1,theme_market,
2026-09-28,GD,watch,335.405,2026-09-28,SPY,1.33,1,gov_contract,
2026-09-28,MOWI.OL,watch,207.2,2026-09-28,OSEBX.OL,1.28,0,,
2026-09-28,ELK.OL,watch,32.96,2026-09-28,OSEBX.OL,1.07,0,,
2026-09-28,NVDA,watch,229.69,2026-09-28,SPY,1.06,0,,
2026-09-28,AAPL,watch,339.8019,2026-09-28,SPY,1.0,0,,
2026-09-28,AMAT,watch,484.38,2026-09-28,SPY,1.0,0,,
2026-09-28,AMD,watch,605.1,2026-09-28,SPY,1.0,0,,
2026-09-28,AVGO,watch,350.8795,2026-09-28,SPY,1.0,0,,
2026-09-28,PG,watch,148.83,2026-09-28,SPY,1.0,0,,
2026-09-28,CRNA.OL,watch,10.76,2026-09-28,OSEBX.OL,1.0,0,,crash|weak_px|placement|neg_ebit|high_vol
2026-09-28,MGN.OL,watch,21.15,2026-09-28,OSEBX.OL,1.0,0,,illiquid|weak_px
2026-09-28,NOFIN.OL,watch,1.4,2026-09-28,OSEBX.OL,1.0,0,,illiquid|penny|weak_px|neg_ebit
2026-09-28,OUTLT.OL,watch,,,OSEBX.OL,1.0,0,,
2026-09-28,TEL.OL,watch,130.3,2026-09-28,OSEBX.OL,1.0,0,,weak_px
2026-09-28,VVX,watch,73.78,2026-09-28,SPY,1.0,1,gov_contract,
2026-09-28,CACI,watch,612.8025,2026-09-28,SPY,1.0,1,gov_contract,
2026-09-28,AMTM,watch,18.7301,2026-09-28,SPY,1.0,1,gov_contract,
2026-09-28,XOM,watch,162.245,2026-09-28,SPY,0.97,1,theme_market,
2026-09-28,NHY.OL,tema,82.54,2026-09-28,OSEBX.OL,,0,,weak_px
2026-09-28,SCATC.OL,tema,97.0,2026-09-28,OSEBX.OL,,0,,weak_px
2026-09-28,KIT.OL,tema,97.05,2026-09-28,OSEBX.OL,,0,,
2026-09-28,NOD.OL,tema,181.3,2026-09-28,OSEBX.OL,,0,,
2026-09-28,NORBT.OL,tema,158.8,2026-09-28,OSEBX.OL,,0,,weak_px
2026-09-28,NTI.OL,tema,1.156,2026-09-28,OSEBX.OL,,0,,neg_ebit|high_vol
2026-09-29,HAFNI.OL,watch,84.1,2026-09-25,OSEBX.OL,5.25,1,theme_market,
2026-09-29,ONCIN.OL,watch,83.8,2026-09-25,OSEBX.OL,4.91,0,,crash|illiquid|weak_px|placement|neg_ebit|high_vol
2026-09-29,2020.OL,watch,6.25,2026-09-25,OSEBX.OL,4.08,1,ose_contract,crash|illiquid|penny|weak_px|placement|high_vol
2026-09-29,VTURA.OL,watch,31.1,2026-09-25,OSEBX.OL,3.29,1,ose_contract,illiquid
2026-09-29,MCD,watch,233.6,2026-09-28,SPY,3.24,0,,
2026-09-29,TECH.OL,watch,5.0,2026-09-25,OSEBX.OL,3.14,1,ose_contract,crash|illiquid|penny|weak_px|neg_ebit|high_vol
2026-09-29,GOD.OL,watch,14.5,2026-09-25,OSEBX.OL,3.1,1,ose_contract,illiquid
2026-09-29,BORR.OL,watch,39.97,2026-09-25,OSEBX.OL,3.0,1,ose_contract,illiquid
2026-09-29,DIASH.OL,watch,,,OSEBX.OL,3.0,1,ose_contract,
2026-09-29,SCANA.OL,watch,1.43,2026-09-25,OSEBX.OL,3.0,1,ose_contract,illiquid|penny|weak_px|neg_ebit
2026-09-29,ENVIP.OL,watch,36.6,2026-09-25,OSEBX.OL,2.69,1,ose_contract,crash|illiquid|weak_px|neg_ebit|high_vol
2026-09-29,ENDUR.OL,watch,108.4,2026-09-25,OSEBX.OL,2.67,0,,
2026-09-29,HMN,watch,44.97,2026-09-28,SPY,2.13,0,,
2026-09-29,SUBC.OL,watch,324.8,2026-09-25,OSEBX.OL,2.02,1,ose_contract,
2026-09-29,ACN,watch,174.47,2026-09-28,SPY,2.0,1,gov_contract,
2026-09-29,B2I.OL,watch,24.25,2026-09-25,OSEBX.OL,2.0,0,,
2026-09-29,MDATA.OL,watch,17.2,2026-09-25,OSEBX.OL,2.0,0,,illiquid|neg_ebit
2026-09-29,STECH.OL,watch,81.6,2026-09-25,OSEBX.OL,2.0,1,ose_contract,illiquid
2026-09-29,ZAL.OL,watch,100.0,2026-09-25,OSEBX.OL,2.0,0,,illiquid|high_vol
2026-09-29,DELL,hold,543.43,2026-09-28,SPY,2.0,1,pead,
2026-09-29,CRM,watch,227.27,2026-09-28,SPY,2.0,1,pead,
2026-09-29,SJM,watch,120.63,2026-09-28,SPY,2.0,1,pead,
2026-09-29,EL,watch,95.57,2026-09-28,SPY,2.0,1,pead,
2026-09-29,TGT,watch,158.43,2026-09-28,SPY,2.0,1,pead,
2026-09-29,GDDY,watch,93.71,2026-09-28,SPY,1.99,0,,
2026-09-29,KOG.OL,watch,312.7,2026-09-25,OSEBX.OL,1.85,1,ose_contract|tema_kat,high_vol
2026-09-29,AKER.OL,watch,1446.0,2026-09-25,OSEBX.OL,1.53,0,,
2026-09-29,VEND.OL,watch,208.2,2026-09-25,OSEBX.OL,1.51,0,,weak_px|neg_ebit
2026-09-29,ELABS.OL,watch,3.49,2026-09-25,OSEBX.OL,1.5,1,ose_contract,illiquid|penny|weak_px|neg_ebit|high_vol
2026-09-29,NBX.OL,watch,0.4815,2026-09-25,OSEBX.OL,1.5,0,,illiquid|penny|weak_px|neg_ebit|high_vol
2026-09-29,NRC.OL,watch,9.81,2026-09-25,OSEBX.OL,1.5,1,ose_contract,illiquid|penny|high_vol
2026-09-29,ORK.OL,watch,93.35,2026-09-25,OSEBX.OL,1.5,0,,weak_px
2026-09-29,PLT.OL,watch,14.9,2026-09-25,OSEBX.OL,1.5,1,ose_contract,illiquid|neg_ebit|high_vol
2026-09-29,SWG.OL,watch,,,OSEBX.OL,1.5,1,ose_contract,
2026-09-29,VEOFF.OL,watch,,,OSEBX.OL,1.5,1,ose_contract,
2026-09-29,AKRBP.OL,watch,348.6,2026-09-25,OSEBX.OL,1.48,1,theme_market,
2026-09-29,VAR.OL,watch,51.1,2026-09-25,OSEBX.OL,1.48,1,theme_market,
2026-09-29,GD,watch,334.16,2026-09-28,SPY,1.35,1,gov_contract,
2026-09-29,DNB.OL,watch,317.1,2026-09-25,OSEBX.OL,1.06,0,,
2026-09-29,NVDA,watch,228.86,2026-09-28,SPY,1.05,0,,
2026-09-29,SALM.OL,watch,580.5,2026-09-25,OSEBX.OL,1.04,0,,
2026-09-29,AAPL,watch,338.4,2026-09-28,SPY,1.0,0,,
2026-09-29,AMAT,watch,486.76,2026-09-28,SPY,1.0,0,,
2026-09-29,AMD,watch,607.87,2026-09-28,SPY,1.0,0,,
2026-09-29,AVGO,watch,349.57,2026-09-28,SPY,1.0,0,,
2026-09-29,PG,watch,149.03,2026-09-28,SPY,1.0,0,,
2026-09-29,CRNA.OL,watch,10.16,2026-09-25,OSEBX.OL,1.0,0,,crash|penny|weak_px|placement|neg_ebit|high_vol
2026-09-29,MGN.OL,watch,22.0,2026-09-25,OSEBX.OL,1.0,0,,weak_px
2026-09-29,NOFIN.OL,watch,1.38,2026-09-25,OSEBX.OL,1.0,0,,illiquid|penny|weak_px|neg_ebit
2026-09-29,OUTLT.OL,watch,,,OSEBX.OL,1.0,0,,
2026-09-29,TEL.OL,watch,128.5,2026-09-25,OSEBX.OL,1.0,0,,weak_px
2026-09-29,VVX,watch,73.71,2026-09-28,SPY,1.0,1,gov_contract,
2026-09-29,CACI,watch,616.4,2026-09-28,SPY,1.0,1,gov_contract,
2026-09-29,AMTM,watch,18.49,2026-09-28,SPY,1.0,1,gov_contract,
2026-09-29,NHY.OL,tema,82.54,2026-09-28,OSEBX.OL,,0,,weak_px
2026-09-29,ELK.OL,tema,33.1,2026-09-28,OSEBX.OL,,0,,
2026-09-29,SCATC.OL,tema,97.0,2026-09-28,OSEBX.OL,,0,,weak_px
2026-09-29,KIT.OL,tema,97.05,2026-09-28,OSEBX.OL,,0,,
2026-09-29,NOD.OL,tema,181.3,2026-09-28,OSEBX.OL,,0,,
2026-09-29,NORBT.OL,tema,158.8,2026-09-28,OSEBX.OL,,0,,weak_px
2026-09-29,NTI.OL,tema,1.156,2026-09-28,OSEBX.OL,,0,,neg_ebit|high_vol
